{"accuracy": 0.3869346733668342}
{"accuracy": 0.326}
{"best_accuracy": 0.39195979899497485}
{"best_test_accuracy": 0.326}. //electra
{"accuracy": 0.5577889447236181}
{"accuracy": 0.35}
{"best_accuracy": 0.5577889447236181}
{"best_test_accuracy": 0.35}. //roberta
{"accuracy": 0.4824120603015075}
{"accuracy": 0.341}
{"best_accuracy": 0.5025125628140703}
{"best_test_accuracy": 0.341}. //bert
{"accuracy": 0.507537688442211}
{"accuracy": 0.348}
{"best_accuracy": -1}
{"best_test_accuracy": -1}.  //roberta_gamma1
{"accuracy": 0.46733668341708545}
{"accuracy": 0.339}
{"best_accuracy": -1}
{"best_test_accuracy": -1}.  //bert_gamma1
{"accuracy": 0.5678391959798995}
{"accuracy": 0.363}
{"best_accuracy": -1}
{"best_test_accuracy": -1}
