{"accuracy": 0.5125628140703518}
{"accuracy": 0.338}
{"best_accuracy": 0.5125628140703518}
{"best_test_accuracy": 0.338}
