{"accuracy": 0.5125628140703518}
{"accuracy": 0.338}
{"best_accuracy": 0.5125628140703518}
{"best_test_accuracy": 0.338}
{"accuracy": 0.48743718592964824}
{"accuracy": 0.34}
{"best_accuracy": -1}
{"best_test_accuracy": -1}
{"accuracy": 0.4824120603015075}
{"accuracy": 0.354}
{"best_accuracy": -1}
{"best_test_accuracy": -1}
